{
  "n_runs": 4,
  "runs": [
    {
      "name": "run0",
      "aggregate": {
        "tp": 70,
        "fp": 249,
        "fn": 66,
        "p": 0.219435736677116,
        "r": 0.5147058823529411,
        "f1": 0.30769230769230765,
        "cands": 326,
        "n": 50
      },
      "lang": {
        "Java": {
          "tp": 11,
          "fp": 45,
          "fn": 13,
          "p": 0.19642857142857142,
          "r": 0.4583333333333333,
          "f1": 0.275,
          "n": 10
        },
        "Python": {
          "tp": 14,
          "fp": 47,
          "fn": 17,
          "p": 0.22950819672131148,
          "r": 0.45161290322580644,
          "f1": 0.30434782608695654,
          "n": 10
        },
        "Go": {
          "tp": 12,
          "fp": 41,
          "fn": 10,
          "p": 0.22641509433962265,
          "r": 0.5454545454545454,
          "f1": 0.32,
          "n": 10
        },
        "TS": {
          "tp": 19,
          "fp": 59,
          "fn": 12,
          "p": 0.24358974358974358,
          "r": 0.6129032258064516,
          "f1": 0.34862385321100914,
          "n": 10
        },
        "Ruby": {
          "tp": 14,
          "fp": 57,
          "fn": 14,
          "p": 0.19718309859154928,
          "r": 0.5,
          "f1": 0.2828282828282828,
          "n": 10
        }
      }
    },
    {
      "name": "run1",
      "aggregate": {
        "tp": 71,
        "fp": 230,
        "fn": 65,
        "p": 0.23588039867109634,
        "r": 0.5220588235294118,
        "f1": 0.32494279176201374,
        "cands": 314,
        "n": 50
      },
      "lang": {
        "Java": {
          "tp": 11,
          "fp": 44,
          "fn": 13,
          "p": 0.2,
          "r": 0.4583333333333333,
          "f1": 0.2784810126582279,
          "n": 10
        },
        "Python": {
          "tp": 14,
          "fp": 49,
          "fn": 17,
          "p": 0.2222222222222222,
          "r": 0.45161290322580644,
          "f1": 0.2978723404255319,
          "n": 10
        },
        "Go": {
          "tp": 12,
          "fp": 36,
          "fn": 10,
          "p": 0.25,
          "r": 0.5454545454545454,
          "f1": 0.34285714285714286,
          "n": 10
        },
        "TS": {
          "tp": 19,
          "fp": 48,
          "fn": 12,
          "p": 0.2835820895522388,
          "r": 0.6129032258064516,
          "f1": 0.38775510204081626,
          "n": 10
        },
        "Ruby": {
          "tp": 15,
          "fp": 53,
          "fn": 13,
          "p": 0.22058823529411764,
          "r": 0.5357142857142857,
          "f1": 0.3125,
          "n": 10
        }
      }
    },
    {
      "name": "run2",
      "aggregate": {
        "tp": 71,
        "fp": 231,
        "fn": 65,
        "p": 0.23509933774834438,
        "r": 0.5220588235294118,
        "f1": 0.32420091324200917,
        "cands": 310,
        "n": 50
      },
      "lang": {
        "Java": {
          "tp": 11,
          "fp": 45,
          "fn": 13,
          "p": 0.19642857142857142,
          "r": 0.4583333333333333,
          "f1": 0.275,
          "n": 10
        },
        "Python": {
          "tp": 14,
          "fp": 47,
          "fn": 17,
          "p": 0.22950819672131148,
          "r": 0.45161290322580644,
          "f1": 0.30434782608695654,
          "n": 10
        },
        "Go": {
          "tp": 12,
          "fp": 36,
          "fn": 10,
          "p": 0.25,
          "r": 0.5454545454545454,
          "f1": 0.34285714285714286,
          "n": 10
        },
        "TS": {
          "tp": 19,
          "fp": 50,
          "fn": 12,
          "p": 0.2753623188405797,
          "r": 0.6129032258064516,
          "f1": 0.38,
          "n": 10
        },
        "Ruby": {
          "tp": 15,
          "fp": 53,
          "fn": 13,
          "p": 0.22058823529411764,
          "r": 0.5357142857142857,
          "f1": 0.3125,
          "n": 10
        }
      }
    },
    {
      "name": "run3",
      "aggregate": {
        "tp": 71,
        "fp": 229,
        "fn": 65,
        "p": 0.23666666666666666,
        "r": 0.5220588235294118,
        "f1": 0.3256880733944954,
        "cands": 308,
        "n": 50
      },
      "lang": {
        "Java": {
          "tp": 12,
          "fp": 44,
          "fn": 12,
          "p": 0.21428571428571427,
          "r": 0.5,
          "f1": 0.3,
          "n": 10
        },
        "Python": {
          "tp": 14,
          "fp": 44,
          "fn": 17,
          "p": 0.2413793103448276,
          "r": 0.45161290322580644,
          "f1": 0.31460674157303375,
          "n": 10
        },
        "Go": {
          "tp": 11,
          "fp": 38,
          "fn": 11,
          "p": 0.22448979591836735,
          "r": 0.5,
          "f1": 0.30985915492957744,
          "n": 10
        },
        "TS": {
          "tp": 19,
          "fp": 49,
          "fn": 12,
          "p": 0.27941176470588236,
          "r": 0.6129032258064516,
          "f1": 0.38383838383838387,
          "n": 10
        },
        "Ruby": {
          "tp": 15,
          "fp": 54,
          "fn": 13,
          "p": 0.21739130434782608,
          "r": 0.5357142857142857,
          "f1": 0.30927835051546393,
          "n": 10
        }
      }
    }
  ],
  "sigma_aggregate": {
    "f1": 0.008647149408967856,
    "p": 0.008248055570778297,
    "r": 0.003676470588235336,
    "tp": 0.5,
    "fp": 9.535023160258536,
    "fn": 0.5,
    "mean_f1": 0.3206310215227065,
    "min_f1": 0.30769230769230765,
    "max_f1": 0.3256880733944954
  },
  "per_language": {
    "Java": {
      "per_run": [
        0.275,
        0.2784810126582279,
        0.275,
        0.3
      ],
      "mean": 0.28212025316455697,
      "sigma": 0.012032254272263468,
      "swing": 0.024999999999999967
    },
    "Python": {
      "per_run": [
        0.30434782608695654,
        0.2978723404255319,
        0.30434782608695654,
        0.31460674157303375
      ],
      "mean": 0.3052936835431197,
      "sigma": 0.006918542143936427,
      "swing": 0.016734401147501854
    },
    "Go": {
      "per_run": [
        0.32,
        0.34285714285714286,
        0.34285714285714286,
        0.30985915492957744
      ],
      "mean": 0.3288933601609658,
      "sigma": 0.016646994504668337,
      "swing": 0.03299798792756542
    },
    "TS": {
      "per_run": [
        0.34862385321100914,
        0.38775510204081626,
        0.38,
        0.38383838383838387
      ],
      "mean": 0.37505433477255234,
      "sigma": 0.017902504175958178,
      "swing": 0.03913124882980712
    },
    "Ruby": {
      "per_run": [
        0.2828282828282828,
        0.3125,
        0.3125,
        0.30927835051546393
      ],
      "mean": 0.3042766583359367,
      "sigma": 0.014379342043639196,
      "swing": 0.029671717171717182
    }
  },
  "per_agent": {
    "correctness": {
      "tp_per_run": [
        48,
        46,
        49,
        48
      ],
      "fp_per_run": [
        113,
        108,
        107,
        108
      ],
      "sigma_tp": 1.2583057392117916,
      "sigma_fp": 2.70801280154532
    },
    "security": {
      "tp_per_run": [
        11,
        11,
        11,
        10
      ],
      "fp_per_run": [
        49,
        44,
        47,
        46
      ],
      "sigma_tp": 0.5,
      "sigma_fp": 2.0816659994661326
    },
    "cross-file-impact": {
      "tp_per_run": [
        2,
        3,
        2,
        2
      ],
      "fp_per_run": [
        30,
        29,
        31,
        29
      ],
      "sigma_tp": 0.5,
      "sigma_fp": 0.9574271077563381
    },
    "UNMATCHED": {
      "tp_per_run": [
        1,
        3,
        1,
        2
      ],
      "fp_per_run": [
        26,
        22,
        21,
        16
      ],
      "sigma_tp": 0.9574271077563381,
      "sigma_fp": 4.112987559751022
    },
    "consistency": {
      "tp_per_run": [
        2,
        2,
        2,
        2
      ],